major_category,mid_category,size,representative_count,rec_ids
"#it개발·데이터","기타",140,3,"50089878,50033556,50080387"
"#it개발·데이터","BI 엔지니어",51,3,"50269346,50292450,50295480"
"#it개발·데이터","백엔드/서버개발",32,3,"50219608,50222673,50030527"
"#it개발·데이터","웹개발",32,3,"50269346,50019470,50347352"
"#it개발·데이터","프론트엔드",21,3,"50443629,49129549,50269346"
"#it개발·데이터","데이터엔지니어",21,3,"50374748,50475103,50219608"
"#it개발·데이터","정보보안",20,3,"50222673,50262948,50395660"
"#it개발·데이터","앱개발",14,3,"50269346,50347352,50374649"
"#it개발·데이터","유지보수",14,3,"50219608,50262062,50401406"
"#it개발·데이터","데이터 사이언티스트",13,3,"50425913,50462359,50498765"
"#it개발·데이터","데이터분석가",13,3,"50430123,50462359,50425885"
"#it개발·데이터","SE(시스템엔지니어)",11,3,"50347352,50309748,50030527"
"#it개발·데이터","보안관제",11,3,"50043333,50262948,50491307"
"#it개발·데이터","보안컨설팅",10,3,"50406784,50262948,50395660"
"#it개발·데이터","IT컨설팅",7,3,"50498765,50433790,50416124"
"#it개발·데이터","기술지원",7,3,"50262062,50461698,50232096"
"#it개발·데이터","SI개발",5,3,"50347352,50374649,50030527"
"#it개발·데이터","QA/테스터",3,3,"50348081,50474300,50282044"
"#it개발·데이터","ICT컨설팅",3,3,"50416124,50460599,50506251"
"#it개발·데이터","퍼블리셔",2,2,"50508527,50299131"
"#it개발·데이터","DBA",2,2,"50395836,50369244"
"#it개발·데이터","개발PM",2,2,"50417684,50495937"
"#it개발·데이터","FAE",1,1,"50417684"
"#it개발·데이터","웹마스터",1,1,"50456906"
"#건설·건축","QA",28,3,"50210446,50055702,50417932"
"#건설·건축","QC",27,3,"50043812,50314015,50317621"
"#건설·건축","설계엔지니어",25,3,"50157118,50320336,50345855"
"#건설·건축","기타",22,3,"50404972,50405640,50201468"
"#건설·건축","안전관리자",17,3,"50484257,50254007,50152256"
"#건설·건축","공무",14,3,"50075751,50482140,50381088"
"#건설·건축","3D설계",12,3,"50270873,50357892,50171838"
"#건설·건축","보건관리자",12,3,"50414201,50462198,50462805"
"#건설·건축","안전보건관리자",11,3,"50414201,50462198,50462805"
"#건설·건축","토목기술자",10,3,"50097077,50075751,50500049"
"#건설·건축","전기설계",10,3,"50509511,50338857,50439917"
"#건설·건축","토목설계",9,3,"50075751,50302590,50032398"
"#건설·건축","목공",7,3,"50075751,50097077,50498278"
"#건설·건축","대기환경기사",7,3,"50427826,50279435,50462198"
"#건설·건축","전기기사",7,3,"50389806,50294225,50152256"
"#건설·건축","환경관리자",6,3,"50427826,50332339,50411996"
"#건설·건축","기계기사",5,3,"50472899,50214448,50085671"
"#건설·건축","건축기사",4,3,"50436212,50100943,50382609"
"#건설·건축","토양환경기사",4,3,"50427826,50279435,50092989"
"#건설·건축","수질환경기사",4,3,"50427826,50279435,50092989"
"#건설·건축","2D설계",4,3,"50171838,50338857,50139638"
"#건설·건축","현장기사",3,3,"50075751,50379974,50507445"
"#건설·건축","공조냉동기사",3,3,"50214448,50302911,50428440"
"#건설·건축","감리원",3,3,"50436212,50378785,50417481"
"#건설·건축","CM(건설사업관리)",3,3,"50379974,50436212,50378785"
"#건설·건축","시공기사",2,2,"50075751,50405294"
"#건설·건축","통신설계",2,2,"50517754,50085671"
"#건설·건축","분양상담사",2,2,"50177271,50506855"
"#건설·건축","도시설계",2,2,"50238216,50382609"
"#건설·건축","배관설계",2,2,"50256876,50410722"
"#건설·건축","보일러기사",2,2,"50472899,50302911"
"#건설·건축","건축구조설계",2,2,"50320336,50410722"
"#건설·건축","현장관리자",2,2,"50379974,50507445"
"#건설·건축","전산/기술직",2,2,"50482140,50427647"
"#건설·건축","설계보조",1,1,"50320336"
"#건설·건축","건설경리",1,1,"50358515"
"#건설·건축","지역개발컨설팅",1,1,"50367273"
"#건설·건축","조경설계",1,1,"50382609"
"#건설·건축","다기능공",1,1,"50405294"
"#건설·건축","시공관리자",1,1,"50405294"
"#건설·건축","환경설계",1,1,"50410722"
"#건설·건축","산림설계",1,1,"50424595"
"#건설·건축","폐기물처리기사",1,1,"50427826"
"#건설·건축","가스기능사",1,1,"50428440"
"#건설·건축","건축가",1,1,"50436212"
"#건설·건축","배전반설계",1,1,"50439917"
"#건설·건축","비파괴검사원",1,1,"50442612"
"#건설·건축","공인중개사",1,1,"50506855"
"#고객상담·tm","고객관리",35,3,"50430158,50416843,50354861"
"#고객상담·tm","CS",16,3,"50268370,50511751,50443318"
"#고객상담·tm","상담원",3,3,"50299921,50110867,50499769"
"#고객상담·tm","인바운드",3,3,"50511751,50458813,50499769"
"#고객상담·tm","기술상담",1,1,"50232096"
"#고객상담·tm","콜센터/고객센터",1,1,"50299921"
"#고객상담·tm","아웃바운드",1,1,"50499769"
"#고객상담·tm","CX매니저",1,1,"50499769"
"#고객상담·tm","전화상담",1,1,"50506855"
"#공공·복지","사무직",56,3,"50281842,50284306,50316497"
"#공공·복지","사회복지사",5,3,"50436511,50146896,50264741"
"#공공·복지","심리치료사",3,3,"50146896,50264741,50018158"
"#공공·복지","병역특례",3,3,"50340994,50270615,50369244"
"#공공·복지","평생교육사",2,2,"50505359,50018158"
"#교육","교육운영",19,3,"50145300,50138185,50505744"
"#교육","기타",19,3,"50436437,50382540,50237773"
"#교육","교육컨텐츠개발",13,3,"50055856,50062661,50294552"
"#교육","교육컨텐츠기획",8,3,"50294552,50138185,50273155"
"#교육","교재개발",6,3,"50055856,50145300,50293001"
"#교육","교육컨설턴트",4,3,"50505744,50402545,50482207"
"#교육","평생교육사",2,2,"50505359,50018158"
"#교육","교수설계",2,2,"50145300,50378176"
"#교육","대학강사",1,1,"50183642"
"#교육","학원보조",1,1,"50410392"
"#교육","학원강사",1,1,"50410392"
"#교육","파트강사",1,1,"50490307"
"#구매·자재·물류","구매",118,3,"50015245,50041813,50045308"
"#구매·자재·물류","품질관리",68,3,"50043812,50072646,50172146"
"#구매·자재·물류","구매관리",39,3,"50015245,50041813,50045308"
"#구매·자재·물류","자재관리",26,3,"50326088,50372143,50275661"
"#구매·자재·물류","재고관리",22,3,"50326088,50405570,50372143"
"#구매·자재·물류","물류관리",17,3,"50405570,50462548,50042393"
"#구매·자재·물류","국제물류",15,3,"50346709,50335976,50219545"
"#구매·자재·물류","구매기획",11,3,"50485422,50340685,50345685"
"#구매·자재·물류","물류기획",10,3,"50437789,50015734,50346709"
"#구매·자재·물류","SCM",10,3,"50499769,50335976,50485422"
"#구매·자재·물류","포워더",9,3,"50337003,50341453,50346709"
"#구매·자재·물류","유통관리",7,3,"50431954,50432661,50500550"
"#구매·자재·물류","기타",5,3,"50484257,50517349,50318919"
"#구매·자재·물류","창고관리",4,3,"50243101,50424918,50280849"
"#구매·자재·물류","물류사무원",3,3,"50015734,50342198,50411510"
"#구매·자재·물류","SRM",1,1,"50485422"
"#구매·자재·물류","보세사",1,1,"50494211"
"#금융·보험","기타",16,3,"50396932,50379567,50519603"
"#금융·보험","보험심사",2,2,"50166351,50436424"
"#금융·보험","손해사정사",2,2,"50166351,50436524"
"#금융·보험","금융사무",2,2,"50354476,50443752"
"#금융·보험","금융상품영업",2,2,"50458939,50458813"
"#금융·보험","펀드매니저",1,1,"50335979"
"#금융·보험","보험상품개발",1,1,"50436424"
"#금융·보험","텔러",1,1,"50443752"
"기타","기타",18,3,"50499322,50436112,50436234"
"#기획·전략","기획",428,3,"50055856,50052356,50040811"
"#기획·전략","사업기획",83,3,"50207951,50301656,50123158"
"#기획·전략","상품기획",65,3,"50101088,50291913,50319865"
"#기획·전략","마케팅기획",58,3,"50098069,50208674,50272598"
"#기획·전략","경영기획",54,3,"50321136,50193619,50052356"
"#기획·전략","전략기획",49,3,"50349648,50341783,50222762"
"#기획·전략","서비스기획",30,3,"50402493,50088339,50101088"
"#기획·전략","컨설턴트",27,3,"50243598,50196711,50235727"
"#기획·전략","인사기획",26,3,"50456546,50474343,50202078"
"#기획·전략","브랜드기획",19,3,"50472553,50101088,50424757"
"#기획·전략","기타",19,3,"50396198,50394357,50436465"
"#기획·전략","PM(프로젝트매니저)",17,3,"50402493,50195652,50143933"
"#기획·전략","광고기획",15,3,"50040811,50176202,50498368"
"#기획·전략","교육기획",15,3,"50145300,50018158,50138185"
"#기획·전략","행사기획",11,3,"50263007,50385798,50438363"
"#기획·전략","웹기획",9,3,"50402493,50088339,50496250"
"#기획·전략","PL(프로젝트리더)",7,3,"50402493,50195652,50088339"
"#기획·전략","기술기획",7,3,"50123158,50294225,50427006"
"#기획·전략","IT컨설팅",7,3,"50498765,50433790,50416124"
"#기획·전략","출판기획",6,3,"50410896,50318286,50055856"
"#기획·전략","앱기획",5,3,"50402493,50496250,50176202"
"#기획·전략","문화기획",5,3,"50521437,50442712,50432891"
"#기획·전략","PO(프로덕트오너)",2,2,"50402493,49421173"
"#기획·전략","PMO",2,2,"50402493,50195652"
"#기획·전략","COO",1,1,"50015734"
"#기획·전략","CEO",1,1,"50195652"
"#기획·전략","CSO",1,1,"50268370"
"#기획·전략","법인장",1,1,"50345826"
"#디자인","시각디자인",16,3,"50385518,50111225,50294160"
"#디자인","그래픽디자인",15,3,"50294160,50385518,50381215"
"#디자인","UI/UX디자인",10,3,"50111225,50294160,50439533"
"#디자인","기타",9,3,"50461501,50299131,50345394"
"#디자인","웹디자인",9,3,"50111225,50294160,50418029"
"#디자인","광고디자인",8,3,"50381215,50013358,50472427"
"#디자인","브랜드디자인",8,3,"50294160,50418029,50381215"
"#디자인","디지털디자인",7,3,"50381215,50013358,50497524"
"#디자인","산업디자인",7,3,"50481867,50497524,50066964"
"#디자인","앱디자인",5,3,"50111225,50294160,50418029"
"#디자인","의상디자인",5,3,"50019791,50483412,50296008"
"#디자인","편집디자인",5,3,"50090702,50381215,50472427"
"#디자인","배너디자인",4,3,"50013358,50347782,50092576"
"#디자인","일러스트레이터",4,3,"50472427,50087358,50469704"
"#디자인","콘텐츠디자인",4,3,"50294160,50381215,50290841"
"#디자인","북디자인",3,3,"50090702,50385518,50013358"
"#디자인","로고디자인",3,3,"50013358,50202615,50426113"
"#디자인","문구디자인",3,3,"50385518,50481867,50013358"
"#디자인","섬유디자인",3,3,"50019791,50125989,50126093"
"#디자인","패키지디자인",3,3,"50484939,50498247,50306086"
"#디자인","영상디자인",3,3,"50381215,50472427,50410829"
"#디자인","완구디자인",3,3,"50385518,50481867,50459628"
"#디자인","공예디자인",3,3,"50385518,50481867,50490307"
"#디자인","AD(아트디렉터)",3,3,"50426113,50483975,50485225"
"#디자인","모바일디자인",2,2,"50294160,50013358"
"#디자인","공간디자인",2,2,"50050737,50416138"
"#디자인","컬러리스트",2,2,"50087358,50306086"
"#디자인","캐릭터디자인",2,2,"50497524,50202615"
"#디자인","패턴디자인",2,2,"50274142,50483412"
"#디자인","BX디자인",2,2,"50418029,50381215"
"#디자인","정보디자인",2,2,"50385518,50497524"
"#디자인","CI디자인",2,2,"50385518,50418029"
"#디자인","VMD",2,2,"50416138,50511734"
"#디자인","컨셉디자인",2,2,"50438146,50436221"
"#디자인","주얼리디자인",2,2,"50483412,50461589"
"#디자인","잡화디자인",1,1,"50021822"
"#디자인","건축디자인",1,1,"50050737"
"#디자인","가구디자인",1,1,"50087358"
"#디자인","표지디자인",1,1,"50090702"
"#디자인","자동차디자인",1,1,"50400958"
"#디자인","전시디자인",1,1,"50416138"
"#디자인","BI디자인",1,1,"50418029"
"#디자인","패브릭디자인",1,1,"50468006"
"#디자인","애니메이터",1,1,"50497524"
"#마케팅·홍보·조사","마케팅",171,3,"50098069,50208674,50176202"
"#마케팅·홍보·조사","홍보",135,3,"50098069,50181656,50208674"
"#마케팅·홍보·조사","마케팅기획",58,3,"50098069,50208674,50272598"
"#마케팅·홍보·조사","마케팅전략",42,3,"50098069,50208674,50272598"
"#마케팅·홍보·조사","콘텐츠기획",28,3,"50098069,50263007,50425702"
"#마케팅·홍보·조사","온라인마케팅",22,3,"50272598,50407336,50425702"
"#마케팅·홍보·조사","광고마케팅",21,3,"50208674,50272598,50480777"
"#마케팅·홍보·조사","디지털마케팅",21,3,"50480777,50272598,50176202"
"#마케팅·홍보·조사","콘텐츠마케팅",20,3,"50098069,50425702,50496250"
"#마케팅·홍보·조사","기업홍보",19,3,"50397332,50430377,50480777"
"#마케팅·홍보·조사","브랜드마케팅",19,3,"50384856,50208674,50272598"
"#마케팅·홍보·조사","글로벌마케팅",17,3,"50386516,50390005,50288678"
"#마케팅·홍보·조사","바이럴마케팅",12,3,"50272598,50480777,50426974"
"#마케팅·홍보·조사","인플루언서마케팅",12,3,"50315206,50431321,50472296"
"#마케팅·홍보·조사","행사기획",11,3,"50263007,50385798,50438363"
"#마케팅·홍보·조사","AE(광고기획자)",10,3,"50498368,50359475,50413945"
"#마케팅·홍보·조사","콘텐츠에디터",10,3,"50442712,50472296,50413945"
"#마케팅·홍보·조사","기타",7,3,"50086763,50243598,50507936"
"#마케팅·홍보·조사","오프라인마케팅",7,3,"50334861,50123076,50359645"
"#마케팅·홍보·조사","B2B마케팅",7,3,"50430377,50507360,50356364"
"#마케팅·홍보·조사","퍼포먼스마케팅",6,3,"50431321,50472296,50463576"
"#마케팅·홍보·조사","SNS마케팅",6,3,"50472296,50498368,50359645"
"#마케팅·홍보·조사","블로그마케팅",6,3,"50430377,50426974,50366682"
"#마케팅·홍보·조사","모바일마케팅",4,3,"50480777,50482428,50262885"
"#마케팅·홍보·조사","광고PD",4,3,"50496250,50324602,50360311"
"#마케팅·홍보·조사","미디어플래너",3,3,"50051345,50480777,50171061"
"#마케팅·홍보·조사","AM(어카운트매니저)",3,3,"50348521,50315206,50262885"
"#마케팅·홍보·조사","제휴마케팅",3,3,"50315206,50429867,50262885"
"#마케팅·홍보·조사","AD(아트디렉터)",3,3,"50426113,50483975,50485225"
"#마케팅·홍보·조사","프로덕트마케팅",2,2,"50315206,50497471"
"#마케팅·홍보·조사","CRM마케팅",2,2,"50315206,50498520"
"#마케팅·홍보·조사","BM(브랜드매니저)",2,2,"50424757,50443338"
"#마케팅·홍보·조사","CW(카피라이터)",2,2,"50483975,50485225"
"#마케팅·홍보·조사","체험마케팅",1,1,"50395651"
"#마케팅·홍보·조사","스포츠마케팅",1,1,"50471842"
"#마케팅·홍보·조사","비즈니스마케팅",1,1,"50498368"
"#미디어·문화·스포츠","기타",13,3,"50062661,50361366,50369785"
"#미디어·문화·스포츠","MC",12,3,"50397332,50456438,50498368"
"#미디어·문화·스포츠","인플루언서",12,3,"50315206,50431321,50472296"
"#미디어·문화·스포츠","AE(광고기획자)",10,3,"50498368,50359475,50413945"
"#미디어·문화·스포츠","에디터",10,3,"50442712,50472296,50413945"
"#미디어·문화·스포츠","PD/AD/FD",8,3,"50221441,50403042,50315931"
"#미디어·문화·스포츠","기자",4,3,"50295831,50290007,50369355"
"#미디어·문화·스포츠","AD(아트디렉터)",3,3,"50426113,50483975,50485225"
"#미디어·문화·스포츠","컬러리스트",2,2,"50087358,50306086"
"#미디어·문화·스포츠","CW(카피라이터)",2,2,"50483975,50485225"
"#미디어·문화·스포츠","큐레이터",2,2,"50505166,50507179"
"#미디어·문화·스포츠","DJ",1,1,"50316205"
"#미디어·문화·스포츠","아나운서",1,1,"50351241"
"#미디어·문화·스포츠","영상디자이너",1,1,"50410829"
"#미디어·문화·스포츠","크리에이터",1,1,"50428728"
"#미디어·문화·스포츠","작가",1,1,"50505166"
"#미디어·문화·스포츠","영화미술",1,1,"50505166"
"#미디어·문화·스포츠","통/번역",1,1,"50506661"
"#상품기획·md","기타",25,3,"50393972,50407410,50436221"
"#상품기획·md","기획MD",19,3,"50483251,50360622,50340802"
"#상품기획·md","온라인MD",11,3,"50092576,50417497,50327291"
"#상품기획·md","영업MD",10,3,"50270536,50157606,50392728"
"#상품기획·md","브랜드MD",7,3,"50360622,50500685,50405487"
"#상품기획·md","AMD",7,3,"50506814,50429777,50412177"
"#상품기획·md","패션MD",3,3,"50483251,50511734,50468873"
"#상품기획·md","유통MD",3,3,"50500685,50511734,50484433"
"#상품기획·md","식품MD",2,2,"50429777,50382644"
"#상품기획·md","리테일MD",2,2,"50382644,50468873"
"#상품기획·md","VMD",2,2,"50416138,50511734"
"#상품기획·md","오프라인MD",2,2,"50500685,50468873"
"#상품기획·md","바잉MD",1,1,"50511734"
"#생산","생산",272,3,"50033412,50056234,50107723"
"#생산","품질관리",68,3,"50043812,50072646,50172146"
"#생산","구조해석/설계",62,3,"50327814,50171838,50280893"
"#생산","생산관리",61,3,"50207616,50304831,50033412"
"#생산","제조",44,3,"50151384,50386418,50275547"
"#생산","기계설계",34,3,"50212049,50358119,50373478"
"#생산","기술엔지니어",33,3,"50164327,50234096,50200280"
"#생산","공정관리",31,3,"50254892,50338853,50386418"
"#생산","QA",28,3,"50210446,50055702,50417932"
"#생산","QC",27,3,"50043812,50314015,50317621"
"#생산","설계엔지니어",25,3,"50157118,50320336,50345855"
"#생산","생산기술",23,3,"50393122,50412478,50272458"
"#생산","기타",19,3,"50402084,50493380,50312934"
"#생산","기구설계",18,3,"50400793,50373478,50412737"
"#생산","기술설계",18,3,"50505348,50509708,50200280"
"#생산","공정엔지니어",17,3,"50505348,50509708,50212049"
"#생산","제품설계",15,3,"50373478,50439123,50505871"
"#생산","회로설계",14,3,"50459316,50462015,50311929"
"#생산","공정설계",14,3,"50151384,50275547,50458379"
"#생산","생산설계",14,3,"50436180,50151384,50358119"
"#생산","부품설계",13,3,"50373478,50439123,50493873"
"#생산","전기제어",12,3,"50292450,50311722,50509511"
"#생산","자동화설계",11,3,"50212049,50499306,50311722"
"#생산","안전보건관리자",11,3,"50414201,50462198,50462805"
"#생산","자동제어",10,3,"50355594,50280893,50034452"
"#생산","전기설계",10,3,"50509511,50338857,50439917"
"#생산","전자제어",8,3,"50292450,50034452,50505885"
"#생산","PSM",7,3,"50079364,50079393,50498553"
"#생산","금형설계",6,3,"50468399,50327814,50171838"
"#생산","제조가공",6,3,"50509605,50390223,50510184"
"#생산","시스템설계",5,3,"50477463,50482156,50318919"
"#생산","전장설계",5,3,"50493873,50462015,50477463"
"#생산","장비제어",4,3,"50034452,50505885,50325048"
"#생산","계장설계",4,3,"50164327,50234096,50439917"
"#생산","반도체설계",4,3,"50428183,50200247,50325048"
"#생산","설비OP",3,3,"50338857,50424918,50338844"
"#생산","플랜트설계",2,2,"50345855,50018358"
"#생산","프로그램설계",2,2,"50034452,50139672"
"#생산","장비설계",2,2,"50325048,50413039"
"#생산","펌프설계",2,2,"50424595,50426362"
"#생산","기계조작원",1,1,"50373478"
"#생산","조선설계",1,1,"50400958"
"#생산","외관검사원",1,1,"50404594"
"#생산","단순생산직",1,1,"50458071"
"#생산","용접원",1,1,"50509511"
"#생산","절단가공",1,1,"50509511"
"#서비스","기타",15,3,"50299921,50361366,50268145"
"#서비스","양조사",1,1,"50092989"
"#서비스","영양사",1,1,"50291098"
"#서비스","호텔리어",1,1,"50327148"
"#서비스","GRO(컨시어지)",1,1,"50327148"
"#서비스","정비기사",1,1,"50372807"
"#서비스","A/S기사",1,1,"50372807"
"#서비스","가전제품설치",1,1,"50372807"
"#서비스","주차요원",1,1,"50386021"
"#서비스","행사도우미",1,1,"50386021"
"#서비스","스타일리스트",1,1,"50416138"
"#서비스","바리스타",1,1,"50481789"
"#서비스","지상직",1,1,"50510531"
"#연구·r&d","R&D",195,3,"49982373,50158346,47944456"
"#연구·r&d","기타",128,3,"50198922,50171902,50200343"
"#연구·r&d","연구원",67,3,"49982373,50293125,50221847"
"#연구·r&d","R&D기획",42,3,"47944456,49982373,50318641"
"#연구·r&d","CRA(임상연구원)",3,3,"50436092,50436102,49982373"
"#연구·r&d","인증심사원",3,3,"50346186,50436592,50482730"
"#연구·r&d","임상PM",2,2,"50293125,50474310"
"#연구·r&d","CRM(임상연구전문가)",2,2,"50326345,50430909"
"#연구·r&d","로봇엔지니어",2,2,"50442969,50343190"
"#연구·r&d","CRC(연구간호사)",1,1,"50202126"
"#연구·r&d","대기측정분석사",1,1,"50411996"
"#연구·r&d","임상DM",1,1,"50474310"
"#영업·판매·무역","영업",283,3,"50016497,50020618,50051159"
"#영업·판매·무역","영업관리",88,3,"50176763,50016497,50283303"
"#영업·판매·무역","해외영업",77,3,"50283303,50289720,50215008"
"#영업·판매·무역","영업직",61,3,"50223881,50270536,50016497"
"#영업·판매·무역","기술영업",47,3,"50016497,50051159,50224909"
"#영업·판매·무역","영업기획",33,3,"50439277,50292272,50372355"
"#영업·판매·무역","영업전략",31,3,"50270536,50335513,50352986"
"#영업·판매·무역","영업지원",24,3,"50337752,50342198,50494304"
"#영업·판매·무역","영업마케팅",22,3,"50338517,50462532,50157606"
"#영업·판매·무역","제약영업",14,3,"50422235,50294758,50411914"
"#영업·판매·무역","해외시장개척",14,3,"50335317,50473655,50415477"
"#영업·판매·무역","장비영업",11,3,"50373915,50402365,50461665"
"#영업·판매·무역","영업MD",10,3,"50270536,50157606,50392728"
"#영업·판매·무역","의료기기영업",9,3,"50393330,50500682,50209614"
"#영업·판매·무역","해상무역",9,3,"50252500,50263475,50301105"
"#영업·판매·무역","영업판촉",9,3,"50270536,50416843,50033005"
"#영업·판매·무역","포워더",9,3,"50337003,50341453,50346709"
"#영업·판매·무역","무역MR",6,3,"50301105,50288678,50332597"
"#영업·판매·무역","기타",6,3,"50126093,50305339,50165502"
"#영업·판매·무역","의류무역",6,3,"50289720,50247681,50346142"
"#영업·판매·무역","화장품영업",6,3,"50335317,50270536,50338517"
"#영업·판매·무역","솔루션기술영업",5,3,"50338517,50382389,50349050"
"#영업·판매·무역","식품/음료영업",5,3,"50442166,50459085,50416843"
"#영업·판매·무역","시스템영업",4,3,"50499002,50341279,50202288"
"#영업·판매·무역","무역경리",4,3,"50252500,50313101,50381214"
"#영업·판매·무역","무역중개인",4,3,"50301105,50332597,50500714"
"#영업·판매·무역","항공무역",4,3,"50381214,50481695,50342198"
"#영업·판매·무역","자재판매",3,3,"50473764,50302366,50061362"
"#영업·판매·무역","IT영업",3,3,"50223181,50424794,50202288"
"#영업·판매·무역","자동차영업",3,3,"50202480,50414239,50436304"
"#영업·판매·무역","무역사무원",3,3,"50462532,50274249,50219545"
"#영업·판매·무역","온라인판매",3,3,"50223181,50273898,50429777"
"#영업·판매·무역","국제무역사",3,3,"50392728,50372992,50262366"
"#영업·판매·무역","네트워크영업",3,3,"50338517,50494741,50499002"
"#영업·판매·무역","식품/음료판매",3,3,"50459085,50433015,50429777"
"#영업·판매·무역","건설영업",3,3,"50469961,50470103,50460599"
"#영업·판매·무역","SI영업",2,2,"50499002,50202288"
"#영업·판매·무역","기계판매",2,2,"50202480,50349717"
"#영업·판매·무역","화장품판매",2,2,"50270536,50304110"
"#영업·판매·무역","가구판매",1,1,"50279894"
"#영업·판매·무역","가전판매",1,1,"50279894"
"#영업·판매·무역","부동산영업",1,1,"50327148"
"#영업·판매·무역","호텔영업",1,1,"50327148"
"#영업·판매·무역","증권영업",1,1,"50337752"
"#영업·판매·무역","상조영업",1,1,"50337752"
"#영업·판매·무역","광고영업",1,1,"50338517"
"#영업·판매·무역","잡화판매",1,1,"50392728"
"#영업·판매·무역","주류영업",1,1,"50414239"
"#영업·판매·무역","건강식품판매",1,1,"50429777"
"#영업·판매·무역","샵마스터",1,1,"50472201"
"#영업·판매·무역","판매직",1,1,"50485094"
"#영업·판매·무역","보세사",1,1,"50494211"
"#운전·운송·배송","통관",16,3,"50208684,50341453,50431954"
"#운전·운송·배송","운전",14,3,"50061389,50369097,50462548"
"#운전·운송·배송","포워더",9,3,"50337003,50341453,50346709"
"#운전·운송·배송","해상운송",5,3,"50337003,50415411,50331710"
"#운전·운송·배송","배차관리",4,3,"50369097,50462548,50424918"
"#운전·운송·배송","선적",4,3,"50341453,50415411,50324673"
"#운전·운송·배송","항공운송",4,3,"50337003,50331710,50372992"
"#운전·운송·배송","적재/하역",1,1,"50431954"
"#운전·운송·배송","철도운송",1,1,"50462548"
"#운전·운송·배송","육상운송",1,1,"50462548"
"#운전·운송·배송","보세운송",1,1,"50462548"
"#의료","기타",29,3,"50380253,50319865,50335513"
"#의료","보건관리자",12,3,"50414201,50462198,50462805"
"#의료","MR",11,3,"49449606,50301105,50494156"
"#의료","약사",6,3,"50396198,50436150,50441424"
"#의료","CRA(임상연구원)",3,3,"50436092,50436102,49982373"
"#의료","심리치료사",3,3,"50146896,50264741,50018158"
"#의료","간호사",3,3,"50390128,50230173,50202126"
"#의료","임상병리사",3,3,"50230173,50212332,50500727"
"#의료","CRM(임상연구전문가)",2,2,"50326345,50430909"
"#의료","상담실장",1,1,"50110580"
"#의료","초음파사",1,1,"50200329"
"#의료","CRC(연구간호사)",1,1,"50202126"
"#의료","영양사",1,1,"50291098"
"#의료","간호조무사",1,1,"50390128"
"#의료","의공기사",1,1,"50508136"
"#인사·노무·hrd","기타",783,3,"50032398,50033412,50041751"
"#인사·노무·hrd","인사",71,3,"50347533,50299439,50202078"
"#인사·노무·hrd","HRD",55,3,"50282018,50395758,50391984"
"#인사·노무·hrd","HRM",22,3,"50395758,50400726,50481077"
"#인사·노무·hrd","채용담당자",11,3,"50510979,50509450,50460141"
"#인사·노무·hrd","ER(노무관리)",11,3,"50510979,50413227,50474343"
"#인사·노무·hrd","HR컨설팅",3,3,"50442344,50521437,50235727"
"#인사·노무·hrd","노무사",3,3,"50400726,50460141,50273155"
"#총무·법무·사무","총무",120,3,"50291632,50168823,50284306"
"#총무·법무·사무","법무",98,3,"49187334,50291632,50201468"
"#총무·법무·사무","사무직",56,3,"50281842,50284306,50316497"
"#총무·법무·사무","기타",34,3,"50061108,50263475,50354339"
"#총무·법무·사무","비서",10,3,"50350522,50355658,50436301"
"#총무·법무·사무","서무",7,3,"50392159,50299803,50468406"
"#총무·법무·사무","컴플라이언스",5,3,"50436592,50519603,50458721"
"#총무·법무·사무","변호사",4,3,"50438293,50485226,49187334"
"#총무·법무·사무","법무사",4,3,"50436592,50438293,50519603"
"#총무·법무·사무","송무비서",4,3,"50350522,50485226,50366682"
"#총무·법무·사무","사내변호사",3,3,"50438293,49187334,50472762"
"#총무·법무·사무","수행비서",2,2,"50355658,50042401"
"#총무·법무·사무","임원비서",2,2,"50436301,50042401"
"#총무·법무·사무","변리사",2,2,"50436289,50493265"
"#총무·법무·사무","특허명세사",2,2,"50438293,50493265"
"#총무·법무·사무","법률사무원",1,1,"50366682"
"#회계·세무·재무","회계",115,3,"50080327,50093513,50193534"
"#회계·세무·재무","재무",104,3,"50080327,50335855,50072479"
"#회계·세무·재무","감사",23,3,"50260808,50374985,50436121"
"#회계·세무·재무","전산회계",18,3,"50260808,50374985,50351820"
"#회계·세무·재무","경리",13,3,"50383244,50260808,50436301"
"#회계·세무·재무","세무사",5,3,"50368402,50507340,50506092"
"#회계·세무·재무","회계사",4,3,"50350352,50019012,50494191"
"#회계·세무·재무","IR/공시",4,3,"50019012,50293214,50341783"
"#회계·세무·재무","KICPA",1,1,"50350352"
"#회계·세무·재무","AICPA",1,1,"50350352"
"#회계·세무·재무","공인회계사",1,1,"50350352"
"#회계·세무·재무","CFA",1,1,"50350352"
"#회계·세무·재무","행정사",1,1,"50479423"
"#회계·세무·재무","기타",1,1,"50499834"
