major_category,mid_category,unique_docs,total_assignments
"#it개발·데이터","백엔드/서버개발",32,32
"#it개발·데이터","데이터 사이언티스트",13,13
"#it개발·데이터","프론트엔드",21,21
"#it개발·데이터","웹개발",32,32
"#it개발·데이터","기타",140,140
"#it개발·데이터","SI개발",5,5
"#it개발·데이터","앱개발",14,14
"#it개발·데이터","SE(시스템엔지니어)",11,11
"#it개발·데이터","BI 엔지니어",51,51
"#it개발·데이터","보안관제",11,11
"#it개발·데이터","IT컨설팅",7,7
"#it개발·데이터","정보보안",20,20
"#it개발·데이터","데이터엔지니어",21,21
"#it개발·데이터","데이터분석가",13,13
"#it개발·데이터","유지보수",14,14
"#it개발·데이터","기술지원",7,7
"#it개발·데이터","보안컨설팅",10,10
"#it개발·데이터","QA/테스터",3,3
"#it개발·데이터","퍼블리셔",2,2
"#it개발·데이터","DBA",2,2
"#it개발·데이터","ICT컨설팅",3,3
"#it개발·데이터","개발PM",2,2
"#it개발·데이터","FAE",1,1
"#it개발·데이터","웹마스터",1,1
"#건설·건축","공무",14,14
"#건설·건축","설계엔지니어",25,25
"#건설·건축","기타",22,22
"#건설·건축","토목설계",9,9
"#건설·건축","QC",27,27
"#건설·건축","QA",28,28
"#건설·건축","목공",7,7
"#건설·건축","현장기사",3,3
"#건설·건축","시공기사",2,2
"#건설·건축","토목기술자",10,10
"#건설·건축","안전관리자",17,17
"#건설·건축","건축기사",4,4
"#건설·건축","기계기사",5,5
"#건설·건축","전기설계",10,10
"#건설·건축","통신설계",2,2
"#건설·건축","토양환경기사",4,4
"#건설·건축","수질환경기사",4,4
"#건설·건축","대기환경기사",7,7
"#건설·건축","2D설계",4,4
"#건설·건축","3D설계",12,12
"#건설·건축","전기기사",7,7
"#건설·건축","분양상담사",2,2
"#건설·건축","공조냉동기사",3,3
"#건설·건축","도시설계",2,2
"#건설·건축","배관설계",2,2
"#건설·건축","환경관리자",6,6
"#건설·건축","보일러기사",2,2
"#건설·건축","설계보조",1,1
"#건설·건축","건축구조설계",2,2
"#건설·건축","건설경리",1,1
"#건설·건축","지역개발컨설팅",1,1
"#건설·건축","감리원",3,3
"#건설·건축","CM(건설사업관리)",3,3
"#건설·건축","현장관리자",2,2
"#건설·건축","조경설계",1,1
"#건설·건축","다기능공",1,1
"#건설·건축","시공관리자",1,1
"#건설·건축","환경설계",1,1
"#건설·건축","안전보건관리자",11,11
"#건설·건축","보건관리자",12,12
"#건설·건축","산림설계",1,1
"#건설·건축","전산/기술직",2,2
"#건설·건축","폐기물처리기사",1,1
"#건설·건축","가스기능사",1,1
"#건설·건축","건축가",1,1
"#건설·건축","배전반설계",1,1
"#건설·건축","비파괴검사원",1,1
"#건설·건축","공인중개사",1,1
"#고객상담·tm","CS",16,16
"#고객상담·tm","고객관리",35,35
"#고객상담·tm","상담원",3,3
"#고객상담·tm","기술상담",1,1
"#고객상담·tm","콜센터/고객센터",1,1
"#고객상담·tm","인바운드",3,3
"#고객상담·tm","아웃바운드",1,1
"#고객상담·tm","CX매니저",1,1
"#고객상담·tm","전화상담",1,1
"#공공·복지","심리치료사",3,3
"#공공·복지","사무직",56,56
"#공공·복지","평생교육사",2,2
"#공공·복지","사회복지사",5,5
"#공공·복지","병역특례",3,3
"#교육","교육운영",19,19
"#교육","평생교육사",2,2
"#교육","교육컨설턴트",4,4
"#교육","기타",19,19
"#교육","교육컨텐츠개발",13,13
"#교육","교재개발",6,6
"#교육","교육컨텐츠기획",8,8
"#교육","교수설계",2,2
"#교육","대학강사",1,1
"#교육","학원보조",1,1
"#교육","학원강사",1,1
"#교육","파트강사",1,1
"#구매·자재·물류","구매",118,118
"#구매·자재·물류","구매관리",39,39
"#구매·자재·물류","물류사무원",3,3
"#구매·자재·물류","물류관리",17,17
"#구매·자재·물류","물류기획",10,10
"#구매·자재·물류","국제물류",15,15
"#구매·자재·물류","재고관리",22,22
"#구매·자재·물류","품질관리",68,68
"#구매·자재·물류","자재관리",26,26
"#구매·자재·물류","SCM",10,10
"#구매·자재·물류","구매기획",11,11
"#구매·자재·물류","유통관리",7,7
"#구매·자재·물류","창고관리",4,4
"#구매·자재·물류","기타",5,5
"#구매·자재·물류","포워더",9,9
"#구매·자재·물류","SRM",1,1
"#구매·자재·물류","보세사",1,1
"#금융·보험","기타",16,16
"#금융·보험","보험심사",2,2
"#금융·보험","손해사정사",2,2
"#금융·보험","펀드매니저",1,1
"#금융·보험","금융사무",2,2
"#금융·보험","보험상품개발",1,1
"#금융·보험","텔러",1,1
"#금융·보험","금융상품영업",2,2
"#기획·전략","기획",428,428
"#기획·전략","사업기획",83,83
"#기획·전략","전략기획",49,49
"#기획·전략","경영기획",54,54
"#기획·전략","서비스기획",30,30
"#기획·전략","광고기획",15,15
"#기획·전략","브랜드기획",19,19
"#기획·전략","PM(프로젝트매니저)",17,17
"#기획·전략","PO(프로덕트오너)",2,2
"#기획·전략","마케팅기획",58,58
"#기획·전략","상품기획",65,65
"#기획·전략","COO",1,1
"#기획·전략","교육기획",15,15
"#기획·전략","컨설턴트",27,27
"#기획·전략","기타",19,19
"#기획·전략","출판기획",6,6
"#기획·전략","행사기획",11,11
"#기획·전략","PL(프로젝트리더)",7,7
"#기획·전략","웹기획",9,9
"#기획·전략","기술기획",7,7
"#기획·전략","IT컨설팅",7,7
"#기획·전략","인사기획",26,26
"#기획·전략","앱기획",5,5
"#기획·전략","CEO",1,1
"#기획·전략","PMO",2,2
"#기획·전략","CSO",1,1
"#기획·전략","법인장",1,1
"#기획·전략","문화기획",5,5
"#디자인","북디자인",3,3
"#디자인","모바일디자인",2,2
"#디자인","배너디자인",4,4
"#디자인","광고디자인",8,8
"#디자인","시각디자인",16,16
"#디자인","디지털디자인",7,7
"#디자인","그래픽디자인",15,15
"#디자인","로고디자인",3,3
"#디자인","앱디자인",5,5
"#디자인","브랜드디자인",8,8
"#디자인","문구디자인",3,3
"#디자인","의상디자인",5,5
"#디자인","섬유디자인",3,3
"#디자인","잡화디자인",1,1
"#디자인","기타",9,9
"#디자인","공간디자인",2,2
"#디자인","건축디자인",1,1
"#디자인","산업디자인",7,7
"#디자인","편집디자인",5,5
"#디자인","가구디자인",1,1
"#디자인","웹디자인",9,9
"#디자인","컬러리스트",2,2
"#디자인","일러스트레이터",4,4
"#디자인","UI/UX디자인",10,10
"#디자인","표지디자인",1,1
"#디자인","캐릭터디자인",2,2
"#디자인","패턴디자인",2,2
"#디자인","콘텐츠디자인",4,4
"#디자인","패키지디자인",3,3
"#디자인","영상디자인",3,3
"#디자인","BX디자인",2,2
"#디자인","완구디자인",3,3
"#디자인","정보디자인",2,2
"#디자인","CI디자인",2,2
"#디자인","공예디자인",3,3
"#디자인","자동차디자인",1,1
"#디자인","VMD",2,2
"#디자인","전시디자인",1,1
"#디자인","BI디자인",1,1
"#디자인","AD(아트디렉터)",3,3
"#디자인","컨셉디자인",2,2
"#디자인","주얼리디자인",2,2
"#디자인","패브릭디자인",1,1
"#디자인","애니메이터",1,1
"#마케팅·홍보·조사","마케팅",171,171
"#마케팅·홍보·조사","마케팅기획",58,58
"#마케팅·홍보·조사","광고마케팅",21,21
"#마케팅·홍보·조사","홍보",135,135
"#마케팅·홍보·조사","AE(광고기획자)",10,10
"#마케팅·홍보·조사","미디어플래너",3,3
"#마케팅·홍보·조사","디지털마케팅",21,21
"#마케팅·홍보·조사","마케팅전략",42,42
"#마케팅·홍보·조사","기업홍보",19,19
"#마케팅·홍보·조사","행사기획",11,11
"#마케팅·홍보·조사","기타",7,7
"#마케팅·홍보·조사","콘텐츠마케팅",20,20
"#마케팅·홍보·조사","콘텐츠기획",28,28
"#마케팅·홍보·조사","글로벌마케팅",17,17
"#마케팅·홍보·조사","오프라인마케팅",7,7
"#마케팅·홍보·조사","온라인마케팅",22,22
"#마케팅·홍보·조사","바이럴마케팅",12,12
"#마케팅·홍보·조사","브랜드마케팅",19,19
"#마케팅·홍보·조사","AM(어카운트매니저)",3,3
"#마케팅·홍보·조사","제휴마케팅",3,3
"#마케팅·홍보·조사","모바일마케팅",4,4
"#마케팅·홍보·조사","인플루언서마케팅",12,12
"#마케팅·홍보·조사","콘텐츠에디터",10,10
"#마케팅·홍보·조사","프로덕트마케팅",2,2
"#마케팅·홍보·조사","CRM마케팅",2,2
"#마케팅·홍보·조사","퍼포먼스마케팅",6,6
"#마케팅·홍보·조사","광고PD",4,4
"#마케팅·홍보·조사","SNS마케팅",6,6
"#마케팅·홍보·조사","B2B마케팅",7,7
"#마케팅·홍보·조사","블로그마케팅",6,6
"#마케팅·홍보·조사","체험마케팅",1,1
"#마케팅·홍보·조사","BM(브랜드매니저)",2,2
"#마케팅·홍보·조사","AD(아트디렉터)",3,3
"#마케팅·홍보·조사","스포츠마케팅",1,1
"#마케팅·홍보·조사","CW(카피라이터)",2,2
"#마케팅·홍보·조사","비즈니스마케팅",1,1
"#미디어·문화·스포츠","AE(광고기획자)",10,10
"#미디어·문화·스포츠","기타",13,13
"#미디어·문화·스포츠","MC",12,12
"#미디어·문화·스포츠","컬러리스트",2,2
"#미디어·문화·스포츠","PD/AD/FD",8,8
"#미디어·문화·스포츠","인플루언서",12,12
"#미디어·문화·스포츠","기자",4,4
"#미디어·문화·스포츠","에디터",10,10
"#미디어·문화·스포츠","DJ",1,1
"#미디어·문화·스포츠","아나운서",1,1
"#미디어·문화·스포츠","영상디자이너",1,1
"#미디어·문화·스포츠","AD(아트디렉터)",3,3
"#미디어·문화·스포츠","크리에이터",1,1
"#미디어·문화·스포츠","CW(카피라이터)",2,2
"#미디어·문화·스포츠","큐레이터",2,2
"#미디어·문화·스포츠","작가",1,1
"#미디어·문화·스포츠","영화미술",1,1
"#미디어·문화·스포츠","통/번역",1,1
"#상품기획·md","영업MD",10,10
"#상품기획·md","기타",25,25
"#상품기획·md","온라인MD",11,11
"#상품기획·md","기획MD",19,19
"#상품기획·md","브랜드MD",7,7
"#상품기획·md","식품MD",2,2
"#상품기획·md","리테일MD",2,2
"#상품기획·md","AMD",7,7
"#상품기획·md","VMD",2,2
"#상품기획·md","오프라인MD",2,2
"#상품기획·md","패션MD",3,3
"#상품기획·md","유통MD",3,3
"#상품기획·md","바잉MD",1,1
"#생산","제조",44,44
"#생산","구조해석/설계",62,62
"#생산","플랜트설계",2,2
"#생산","설계엔지니어",25,25
"#생산","생산",272,272
"#생산","자동제어",10,10
"#생산","전기제어",12,12
"#생산","자동화설계",11,11
"#생산","생산관리",61,61
"#생산","공정관리",31,31
"#생산","기술엔지니어",33,33
"#생산","전자제어",8,8
"#생산","프로그램설계",2,2
"#생산","장비제어",4,4
"#생산","품질관리",68,68
"#생산","QC",27,27
"#생산","제품설계",15,15
"#생산","기계설계",34,34
"#생산","기구설계",18,18
"#생산","회로설계",14,14
"#생산","QA",28,28
"#생산","기술설계",18,18
"#생산","PSM",7,7
"#생산","전기설계",10,10
"#생산","공정설계",14,14
"#생산","부품설계",13,13
"#생산","생산설계",14,14
"#생산","생산기술",23,23
"#생산","계장설계",4,4
"#생산","금형설계",6,6
"#생산","기타",19,19
"#생산","반도체설계",4,4
"#생산","공정엔지니어",17,17
"#생산","시스템설계",5,5
"#생산","장비설계",2,2
"#생산","전장설계",5,5
"#생산","설비OP",3,3
"#생산","기계조작원",1,1
"#생산","제조가공",6,6
"#생산","조선설계",1,1
"#생산","외관검사원",1,1
"#생산","안전보건관리자",11,11
"#생산","펌프설계",2,2
"#생산","단순생산직",1,1
"#생산","용접원",1,1
"#생산","절단가공",1,1
"#서비스","양조사",1,1
"#서비스","기타",15,15
"#서비스","영양사",1,1
"#서비스","호텔리어",1,1
"#서비스","GRO(컨시어지)",1,1
"#서비스","정비기사",1,1
"#서비스","A/S기사",1,1
"#서비스","가전제품설치",1,1
"#서비스","주차요원",1,1
"#서비스","행사도우미",1,1
"#서비스","스타일리스트",1,1
"#서비스","바리스타",1,1
"#서비스","지상직",1,1
"#연구·r&d","기타",128,128
"#연구·r&d","R&D",195,195
"#연구·r&d","R&D기획",42,42
"#연구·r&d","연구원",67,67
"#연구·r&d","CRA(임상연구원)",3,3
"#연구·r&d","CRC(연구간호사)",1,1
"#연구·r&d","임상PM",2,2
"#연구·r&d","CRM(임상연구전문가)",2,2
"#연구·r&d","로봇엔지니어",2,2
"#연구·r&d","인증심사원",3,3
"#연구·r&d","대기측정분석사",1,1
"#연구·r&d","임상DM",1,1
"#영업·판매·무역","영업",283,283
"#영업·판매·무역","영업관리",88,88
"#영업·판매·무역","영업마케팅",22,22
"#영업·판매·무역","제약영업",14,14
"#영업·판매·무역","영업직",61,61
"#영업·판매·무역","무역MR",6,6
"#영업·판매·무역","영업전략",31,31
"#영업·판매·무역","영업기획",33,33
"#영업·판매·무역","영업MD",10,10
"#영업·판매·무역","의료기기영업",9,9
"#영업·판매·무역","영업지원",24,24
"#영업·판매·무역","해외영업",77,77
"#영업·판매·무역","해상무역",9,9
"#영업·판매·무역","기술영업",47,47
"#영업·판매·무역","영업판촉",9,9
"#영업·판매·무역","자재판매",3,3
"#영업·판매·무역","장비영업",11,11
"#영업·판매·무역","기타",6,6
"#영업·판매·무역","솔루션기술영업",5,5
"#영업·판매·무역","IT영업",3,3
"#영업·판매·무역","시스템영업",4,4
"#영업·판매·무역","SI영업",2,2
"#영업·판매·무역","자동차영업",3,3
"#영업·판매·무역","기계판매",2,2
"#영업·판매·무역","무역사무원",3,3
"#영업·판매·무역","온라인판매",3,3
"#영업·판매·무역","의류무역",6,6
"#영업·판매·무역","무역경리",4,4
"#영업·판매·무역","국제무역사",3,3
"#영업·판매·무역","화장품판매",2,2
"#영업·판매·무역","화장품영업",6,6
"#영업·판매·무역","가구판매",1,1
"#영업·판매·무역","가전판매",1,1
"#영업·판매·무역","해외시장개척",14,14
"#영업·판매·무역","무역중개인",4,4
"#영업·판매·무역","부동산영업",1,1
"#영업·판매·무역","호텔영업",1,1
"#영업·판매·무역","포워더",9,9
"#영업·판매·무역","증권영업",1,1
"#영업·판매·무역","상조영업",1,1
"#영업·판매·무역","광고영업",1,1
"#영업·판매·무역","네트워크영업",3,3
"#영업·판매·무역","항공무역",4,4
"#영업·판매·무역","잡화판매",1,1
"#영업·판매·무역","주류영업",1,1
"#영업·판매·무역","식품/음료영업",5,5
"#영업·판매·무역","건강식품판매",1,1
"#영업·판매·무역","식품/음료판매",3,3
"#영업·판매·무역","건설영업",3,3
"#영업·판매·무역","샵마스터",1,1
"#영업·판매·무역","판매직",1,1
"#영업·판매·무역","보세사",1,1
"#운전·운송·배송","운전",14,14
"#운전·운송·배송","통관",16,16
"#운전·운송·배송","배차관리",4,4
"#운전·운송·배송","선적",4,4
"#운전·운송·배송","항공운송",4,4
"#운전·운송·배송","해상운송",5,5
"#운전·운송·배송","포워더",9,9
"#운전·운송·배송","적재/하역",1,1
"#운전·운송·배송","철도운송",1,1
"#운전·운송·배송","육상운송",1,1
"#운전·운송·배송","보세운송",1,1
"#의료","MR",11,11
"#의료","CRA(임상연구원)",3,3
"#의료","기타",29,29
"#의료","심리치료사",3,3
"#의료","상담실장",1,1
"#의료","초음파사",1,1
"#의료","간호사",3,3
"#의료","CRC(연구간호사)",1,1
"#의료","임상병리사",3,3
"#의료","영양사",1,1
"#의료","CRM(임상연구전문가)",2,2
"#의료","약사",6,6
"#의료","간호조무사",1,1
"#의료","보건관리자",12,12
"#의료","의공기사",1,1
"#인사·노무·hrd","기타",783,783
"#인사·노무·hrd","인사",71,71
"#인사·노무·hrd","HRD",55,55
"#인사·노무·hrd","채용담당자",11,11
"#인사·노무·hrd","HRM",22,22
"#인사·노무·hrd","ER(노무관리)",11,11
"#인사·노무·hrd","HR컨설팅",3,3
"#인사·노무·hrd","노무사",3,3
"#총무·법무·사무","총무",120,120
"#총무·법무·사무","법무",98,98
"#총무·법무·사무","변호사",4,4
"#총무·법무·사무","법무사",4,4
"#총무·법무·사무","사내변호사",3,3
"#총무·법무·사무","사무직",56,56
"#총무·법무·사무","비서",10,10
"#총무·법무·사무","송무비서",4,4
"#총무·법무·사무","수행비서",2,2
"#총무·법무·사무","임원비서",2,2
"#총무·법무·사무","기타",34,34
"#총무·법무·사무","서무",7,7
"#총무·법무·사무","법률사무원",1,1
"#총무·법무·사무","변리사",2,2
"#총무·법무·사무","컴플라이언스",5,5
"#총무·법무·사무","특허명세사",2,2
"#회계·세무·재무","감사",23,23
"#회계·세무·재무","회계",115,115
"#회계·세무·재무","재무",104,104
"#회계·세무·재무","회계사",4,4
"#회계·세무·재무","전산회계",18,18
"#회계·세무·재무","IR/공시",4,4
"#회계·세무·재무","경리",13,13
"#회계·세무·재무","세무사",5,5
"#회계·세무·재무","KICPA",1,1
"#회계·세무·재무","AICPA",1,1
"#회계·세무·재무","공인회계사",1,1
"#회계·세무·재무","CFA",1,1
"#회계·세무·재무","행정사",1,1
"#회계·세무·재무","기타",1,1
"기타","기타",18,18
